frequência,nota_média,participação,idade,sexo,curso,bolsa,turno,tipo_ingresso,evasao
84.96714153011233,8.352355095063283,0,23,Feminino,Direito,Nenhuma,Manhã,ENEM,1
78.61735698828815,10.0,1,38,Feminino,Administração,Integral,Manhã,Vestibular,0
86.47688538100692,3.7028648523617176,0,17,Feminino,Engenharia,Integral,Tarde,Outro,1
95.23029856408026,7.625938473381142,1,28,Masculino,Pedagogia,Nenhuma,Noite,Transferência,0
77.65846625276664,5.198714861756346,0,40,Masculino,Administração,Integral,Tarde,Outro,1
77.6586304305082,5.5257492324706075,0,29,Feminino,Direito,Parcial,Tarde,Outro,1
95.79212815507391,5.315212151522262,0,26,Masculino,Pedagogia,Parcial,Manhã,Transferência,1
87.67434729152909,4.772018460640368,0,31,Feminino,Pedagogia,Parcial,Manhã,ENEM,0
75.30525614065049,6.597043255889654,1,43,Feminino,Engenharia,Parcial,Noite,Outro,1
85.42560043585965,4.8380997671779244,0,29,Feminino,Administração,Nenhuma,Manhã,ENEM,1
75.36582307187538,7.040913651559678,1,39,Feminino,Pedagogia,Integral,Manhã,Transferência,1
75.34270246429743,6.399523781101726,0,38,Feminino,Direito,Parcial,Tarde,Vestibular,1
82.41962271566034,6.022103906267181,0,38,Masculino,Administração,Nenhuma,Manhã,Vestibular,1
60.86719755342202,4.684872675916804,0,37,Feminino,Direito,Integral,Noite,Outro,1
62.75082167486967,5.346457338863335,1,38,Masculino,Pedagogia,Integral,Tarde,Transferência,0
74.37712470759027,8.010782451651512,0,44,Masculino,Direito,Nenhuma,Noite,ENEM,1
69.87168879665576,7.5018343752487615,1,25,Feminino,Engenharia,Nenhuma,Tarde,Outro,1
83.14247332595274,4.544889510402898,1,42,Feminino,Direito,Parcial,Manhã,Transferência,1
70.91975924478788,6.698664610858452,1,25,Masculino,Administração,Integral,Tarde,Transferência,1
65.87696298664709,8.002774246743577,1,31,Masculino,Direito,Integral,Tarde,ENEM,0
94.65648768921554,3.1611894377572565,1,26,Masculino,Direito,Nenhuma,Manhã,Outro,1
77.74223699513465,7.58672038475987,1,40,Feminino,Engenharia,Integral,Manhã,Transferência,0
80.67528204687923,5.174752482108307,1,42,Masculino,Direito,Parcial,Noite,Transferência,0
65.75251813786544,7.641197337186319,1,41,Feminino,Direito,Integral,Noite,Transferência,0
74.55617275474818,4.973481686914966,1,26,Feminino,Pedagogia,Nenhuma,Manhã,ENEM,0
81.10922589709867,2.890235798670962,0,24,Feminino,Pedagogia,Nenhuma,Manhã,Outro,1
68.49006422577698,3.2449151242336747,0,40,Masculino,Administração,Parcial,Manhã,Outro,1
83.75698018345672,6.596169893322764,0,32,Feminino,Pedagogia,Parcial,Tarde,Outro,0
73.99361310081196,7.019445003442963,0,33,Feminino,Pedagogia,Integral,Tarde,Outro,1
77.08306250206724,4.691366749791182,0,42,Feminino,Pedagogia,Integral,Tarde,Vestibular,0
73.98293387770603,7.777184917554748,1,43,Feminino,Pedagogia,Nenhuma,Manhã,Vestibular,0
98.52278184508938,3.1769598754620803,1,21,Feminino,Engenharia,Parcial,Noite,Outro,0
79.86502775262066,6.367840402705367,1,20,Masculino,Pedagogia,Parcial,Manhã,ENEM,0
69.422890710441,4.077967600475087,1,34,Feminino,Engenharia,Parcial,Tarde,Vestibular,1
88.22544912103189,5.196327784395682,1,40,Feminino,Engenharia,Integral,Tarde,Transferência,0
67.79156350028978,6.594797342632828,1,35,Masculino,Pedagogia,Parcial,Manhã,Vestibular,1
82.08863595004756,4.779173269432095,1,20,Feminino,Direito,Nenhuma,Manhã,Transferência,1
60.403298761202244,5.730888911540349,0,44,Masculino,Engenharia,Nenhuma,Tarde,Outro,1
66.71813951101569,8.512585618428881,0,23,Feminino,Direito,Integral,Tarde,Vestibular,0
81.96861235869123,5.346216260953702,0,26,Masculino,Direito,Integral,Tarde,ENEM,1
87.3846657999541,8.171384224130284,0,41,Masculino,Pedagogia,Parcial,Manhã,Vestibular,1
81.7136828118997,4.240586290684764,1,34,Feminino,Administração,Integral,Tarde,Vestibular,1
78.8435171761176,7.559608355830566,1,35,Feminino,Pedagogia,Nenhuma,Tarde,Vestibular,0
76.98896304410711,9.3831372413158,1,20,Feminino,Administração,Parcial,Noite,Outro,0
65.21478009632573,1.5567109997454214,0,26,Masculino,Administração,Nenhuma,Manhã,ENEM,1
72.80155791605291,4.906209489059046,1,17,Masculino,Pedagogia,Parcial,Noite,Vestibular,1
75.39361229040213,7.65414425436108,1,39,Masculino,Pedagogia,Integral,Noite,ENEM,0
90.57122226218915,6.093909227914015,1,34,Feminino,Administração,Parcial,Tarde,Outro,0
83.43618289568461,7.242291746742618,0,21,Masculino,Pedagogia,Parcial,Manhã,Transferência,0
62.36959844637266,5.292029626568359,1,31,Masculino,Administração,Nenhuma,Tarde,Vestibular,0
83.24083969394795,6.6731795749458,0,33,Feminino,Direito,Nenhuma,Manhã,ENEM,1
76.14917719583684,6.188645529215841,0,19,Masculino,Pedagogia,Parcial,Noite,ENEM,1
73.23077999694041,8.835564123319614,0,28,Masculino,Direito,Integral,Manhã,Outro,1
86.11676288840867,7.008841686602426,0,18,Feminino,Engenharia,Integral,Tarde,Vestibular,1
90.30999522495951,7.175205324150404,1,17,Masculino,Direito,Nenhuma,Tarde,Transferência,0
89.31280119116198,5.6762460677550655,0,39,Feminino,Direito,Integral,Tarde,ENEM,1
71.60782476777362,5.524787551855013,0,37,Feminino,Administração,Nenhuma,Manhã,Vestibular,0
76.90787624148786,5.634883624360758,1,33,Feminino,Direito,Integral,Noite,Transferência,0
83.31263431403563,7.288904284756594,1,38,Feminino,Pedagogia,Parcial,Noite,ENEM,0
89.75545127122359,5.658031038359474,0,32,Feminino,Administração,Nenhuma,Manhã,ENEM,1
75.2082576215471,7.079549713792826,1,21,Masculino,Engenharia,Nenhuma,Tarde,Transferência,1
78.14341023336183,10.0,0,31,Masculino,Pedagogia,Parcial,Noite,Transferência,1
68.93665025993971,8.242249406863385,0,19,Feminino,Engenharia,Nenhuma,Tarde,Outro,1
68.0379337591933,5.847952935664318,0,44,Feminino,Direito,Integral,Manhã,Vestibular,1
88.12525822394198,8.902427844327889,0,23,Masculino,Pedagogia,Integral,Tarde,Vestibular,0
93.56240028570824,5.683849253956897,1,27,Feminino,Pedagogia,Nenhuma,Noite,Outro,0
79.27989878419666,2.4237509296442923,0,26,Feminino,Engenharia,Integral,Noite,ENEM,1
90.03532897892023,4.483827378165191,1,25,Feminino,Pedagogia,Nenhuma,Tarde,Transferência,0
83.61636025047635,2.7584161579482886,1,30,Masculino,Pedagogia,Parcial,Manhã,Transferência,1
73.54880245394875,5.796973031917383,1,29,Masculino,Pedagogia,Nenhuma,Tarde,Transferência,1
83.61395605508415,6.536836758379104,1,41,Feminino,Direito,Parcial,Manhã,ENEM,0
95.38036566465969,9.852874624550566,0,41,Feminino,Engenharia,Integral,Tarde,Transferência,0
79.64173960890048,7.153854747528325,1,18,Masculino,Pedagogia,Parcial,Noite,Transferência,1
95.64643655814007,6.061798942382271,0,19,Masculino,Administração,Integral,Manhã,Outro,0
53.80254895910255,8.158811162366979,1,23,Feminino,Administração,Nenhuma,Manhã,ENEM,1
88.21902504375224,2.0777293819842297,1,37,Feminino,Administração,Integral,Manhã,Vestibular,0
80.87047068238171,6.971229116217132,0,34,Masculino,Administração,Nenhuma,Noite,Outro,1
77.00992649534132,8.041730387773933,0,19,Masculino,Direito,Nenhuma,Tarde,Outro,0
80.91760776535503,3.542827508440317,0,26,Masculino,Pedagogia,Parcial,Noite,Vestibular,1
60.124310853991076,8.787508086413858,1,38,Feminino,Engenharia,Parcial,Manhã,Outro,0
77.80328112162488,7.176992814988829,1,23,Masculino,Pedagogia,Parcial,Tarde,ENEM,0
83.57112571511746,5.669424172198397,0,25,Feminino,Direito,Parcial,Noite,Transferência,0
94.77894044741517,7.76556373221257,0,33,Masculino,Administração,Integral,Manhã,ENEM,0
74.81729781726352,10.0,0,27,Masculino,Direito,Integral,Manhã,Vestibular,1
71.91506397106812,6.86373251011699,0,23,Masculino,Pedagogia,Integral,Noite,Vestibular,1
74.98242956415463,6.996441172600672,1,40,Masculino,Engenharia,Nenhuma,Noite,Outro,0
89.15402117702074,5.581278200919511,0,44,Feminino,Direito,Integral,Noite,ENEM,0
83.28751109659684,4.800311261070417,0,30,Feminino,Engenharia,Integral,Manhã,ENEM,1
74.70239796232961,8.16067163308849,0,35,Masculino,Direito,Integral,Noite,Vestibular,1
85.13267433113356,4.787832348182265,0,20,Feminino,Engenharia,Parcial,Manhã,ENEM,0
80.9707754934804,6.643132474438785,1,42,Masculino,Engenharia,Integral,Noite,Vestibular,0
89.68644990532889,5.544685106469767,0,22,Masculino,Administração,Nenhuma,Manhã,ENEM,0
72.97946906122648,7.457959651492784,1,26,Masculino,Engenharia,Parcial,Manhã,ENEM,0
76.72337853402232,7.167324210573897,0,23,Masculino,Administração,Nenhuma,Tarde,ENEM,1
76.07891846867842,8.575079888515798,0,29,Feminino,Pedagogia,Integral,Noite,Vestibular,0
65.36485051867882,5.479967202290506,1,30,Masculino,Pedagogia,Parcial,Noite,Outro,0
82.96120277064576,5.960250129413257,0,20,Masculino,Administração,Nenhuma,Manhã,ENEM,1
82.6105527217989,4.542472568435385,1,24,Feminino,Administração,Integral,Manhã,Vestibular,0
80.05113456642461,5.611413479847776,1,21,Masculino,Direito,Nenhuma,Manhã,Vestibular,1
77.65412866624852,7.254600986089704,0,17,Masculino,Direito,Nenhuma,Tarde,ENEM,1
65.84629257949585,8.013977233290703,1,20,Masculino,Direito,Nenhuma,Tarde,ENEM,0
75.79354677234642,4.655669351644749,1,19,Feminino,Pedagogia,Integral,Manhã,Outro,1
76.57285483473231,8.23921184021132,1,25,Masculino,Direito,Integral,Noite,Vestibular,1
71.9772273077838,9.211275717609901,1,24,Feminino,Engenharia,Nenhuma,Noite,Vestibular,1
78.3871428833399,7.326869806447402,1,17,Masculino,Engenharia,Parcial,Tarde,Transferência,1
84.04050856814538,10.0,1,43,Masculino,Direito,Parcial,Tarde,Vestibular,0
98.8618590121053,4.952421601792854,1,22,Feminino,Engenharia,Integral,Manhã,Outro,0
81.74577812831839,4.010690593377166,1,25,Masculino,Pedagogia,Integral,Noite,Transferência,0
82.57550390722764,2.942559502191443,0,23,Masculino,Engenharia,Integral,Manhã,Transferência,1
79.25554084233833,9.492088622978367,0,20,Feminino,Pedagogia,Integral,Tarde,Transferência,1
60.812287847009586,7.808731312708115,1,29,Feminino,Administração,Integral,Noite,ENEM,1
79.73486124550783,6.3888306581790895,0,33,Feminino,Administração,Parcial,Noite,ENEM,0
80.60230209941027,7.0599372526396404,1,44,Feminino,Administração,Integral,Tarde,Vestibular,0
100.0,4.2490219054032465,1,18,Feminino,Administração,Nenhuma,Manhã,Transferência,0
78.07639035218878,10.0,0,44,Masculino,Engenharia,Nenhuma,Manhã,Outro,0
83.01547342333612,6.758442363950455,1,21,Feminino,Direito,Parcial,Noite,ENEM,0
79.65288230294756,6.718789589209786,1,28,Masculino,Engenharia,Nenhuma,Tarde,Outro,1
68.31321962380468,7.951533247797384,1,43,Masculino,Pedagogia,Parcial,Noite,Outro,0
91.4282281451502,7.462018463473426,1,37,Masculino,Engenharia,Parcial,Tarde,ENEM,0
87.51933032686775,6.947768048558263,0,24,Feminino,Engenharia,Nenhuma,Manhã,ENEM,0
87.91031947043047,4.919051089109376,1,22,Feminino,Pedagogia,Integral,Tarde,ENEM,0
70.9061254520526,7.442936714271991,1,24,Masculino,Administração,Nenhuma,Manhã,ENEM,1
94.02794310936099,10.0,1,34,Feminino,Administração,Nenhuma,Tarde,Transferência,0
65.98148937207719,9.190840092309955,0,19,Feminino,Administração,Parcial,Noite,Transferência,1
85.8685709380027,9.686373253278795,1,38,Feminino,Direito,Nenhuma,Manhã,Transferência,0
100.0,5.4775686471376295,0,28,Feminino,Pedagogia,Parcial,Noite,Transferência,1
70.09463674869312,4.520790359482838,0,42,Masculino,Pedagogia,Integral,Noite,Vestibular,1
74.33702270397228,6.248426159800704,1,19,Masculino,Engenharia,Integral,Manhã,Transferência,1
80.99651365087641,6.611449824577389,1,38,Feminino,Direito,Integral,Manhã,ENEM,0
74.965243458838,8.688383036941897,0,22,Masculino,Administração,Nenhuma,Noite,Outro,0
64.49336568933867,3.1150707405703613,1,18,Feminino,Direito,Parcial,Noite,Transferência,1
80.68562974806028,9.559100638921228,0,39,Feminino,Pedagogia,Integral,Noite,Vestibular,0
69.37696286273895,6.183984202842021,0,28,Masculino,Pedagogia,Parcial,Noite,ENEM,1
84.73592430635182,5.64623786010516,1,18,Masculino,Engenharia,Parcial,Manhã,Outro,1
70.80575765766197,4.475791249479665,1,22,Masculino,Engenharia,Integral,Manhã,Outro,0
95.4993440501754,3.1902866562684613,0,33,Feminino,Pedagogia,Integral,Noite,Transferência,1
72.16746707663764,8.14634116792383,0,19,Masculino,Administração,Parcial,Tarde,Outro,1
76.77938483794324,6.646635934376808,0,18,Feminino,Administração,Integral,Tarde,Transferência,1
88.1351721736967,3.9200782005178922,0,39,Masculino,Direito,Parcial,Manhã,Transferência,1
67.69135683566044,3.909842455872768,1,36,Masculino,Pedagogia,Parcial,Noite,ENEM,1
82.2745993460413,5.828430601419743,1,24,Feminino,Pedagogia,Integral,Noite,ENEM,0
93.07142754282428,9.838043050578786,1,38,Feminino,Administração,Nenhuma,Manhã,Vestibular,0
63.92516765438772,5.98081729727279,1,28,Feminino,Administração,Integral,Tarde,ENEM,1
81.84633858532304,3.4937140937637876,1,42,Feminino,Pedagogia,Nenhuma,Tarde,ENEM,1
82.59882794248423,6.008513871828112,0,20,Feminino,Engenharia,Parcial,Tarde,Transferência,0
87.81822871777311,5.954552860504659,1,21,Feminino,Pedagogia,Parcial,Manhã,ENEM,0
67.63049289121918,1.1062267141168567,1,29,Feminino,Pedagogia,Nenhuma,Tarde,Transferência,1
66.79543386915724,6.3914102669643755,1,31,Feminino,Administração,Parcial,Manhã,Transferência,0
85.21941565616898,6.038130939582644,1,41,Masculino,Administração,Nenhuma,Manhã,ENEM,1
82.96984673233186,7.8924127296268365,1,39,Feminino,Engenharia,Nenhuma,Noite,Vestibular,0
82.50492850345877,10.0,0,32,Feminino,Engenharia,Parcial,Tarde,Vestibular,0
83.46448209496975,8.753130059095515,0,26,Masculino,Direito,Nenhuma,Manhã,Outro,0
73.1997527842151,5.962222618890339,0,41,Feminino,Pedagogia,Integral,Tarde,Outro,0
82.32253697161003,4.286948182516659,1,39,Masculino,Administração,Integral,Tarde,ENEM,1
82.93072473298682,10.0,0,32,Masculino,Engenharia,Parcial,Noite,Vestibular,0
72.85648581973632,6.618436868028977,0,28,Feminino,Direito,Parcial,Tarde,Transferência,1
98.65774511144757,6.527858583825893,1,33,Masculino,Direito,Nenhuma,Noite,Outro,1
84.73832920911788,6.451749825779993,1,32,Feminino,Administração,Nenhuma,Manhã,Transferência,0
68.08696502797352,6.89616952153571,1,28,Masculino,Administração,Nenhuma,Tarde,Outro,1
86.5655360863383,6.211279176152115,0,24,Masculino,Direito,Nenhuma,Manhã,ENEM,0
70.25318329772679,5.352675986239527,0,36,Masculino,Engenharia,Integral,Tarde,Vestibular,1
87.87084603742451,5.406282117519216,1,19,Feminino,Direito,Integral,Manhã,Outro,0
91.58595579007404,6.434493459568003,1,32,Feminino,Pedagogia,Parcial,Tarde,Vestibular,0
71.7931768164829,5.4131504577324705,0,29,Masculino,Pedagogia,Nenhuma,Tarde,Transferência,1
89.63376129244321,5.074308434645671,0,39,Masculino,Administração,Nenhuma,Tarde,ENEM,1
84.12780926936499,6.712860455383794,1,44,Feminino,Engenharia,Parcial,Tarde,Vestibular,0
88.2206015999449,5.990045565158289,1,35,Feminino,Engenharia,Nenhuma,Tarde,ENEM,1
98.96792982653947,9.507985977165378,0,24,Masculino,Pedagogia,Nenhuma,Tarde,Vestibular,1
77.5461188399713,1.198060383213976,1,38,Masculino,Direito,Nenhuma,Tarde,Transferência,1
72.4626383564251,8.683013703844924,0,21,Feminino,Administração,Nenhuma,Tarde,Transferência,0
71.10485570374476,8.992170384995259,0,36,Feminino,Direito,Nenhuma,Tarde,ENEM,1
71.84189715034562,2.353219535183701,0,24,Feminino,Direito,Parcial,Manhã,Transferência,1
79.22898290585896,5.814624811839303,0,40,Feminino,Direito,Nenhuma,Noite,Outro,1
83.41151974816644,5.757118268008417,1,28,Feminino,Engenharia,Parcial,Tarde,Vestibular,1
82.7669079933002,3.6849766105643575,1,17,Masculino,Pedagogia,Nenhuma,Noite,Transferência,1
88.27183249036024,4.944366624818249,0,41,Feminino,Engenharia,Integral,Tarde,Outro,0
80.13001891877907,4.2788483090683425,0,37,Masculino,Pedagogia,Integral,Tarde,ENEM,1
94.53534077157317,10.0,0,36,Feminino,Administração,Integral,Manhã,Outro,0
77.35343166762044,8.371356786294923,0,22,Masculino,Administração,Integral,Manhã,ENEM,1
100.0,9.043110189988317,0,38,Feminino,Direito,Parcial,Noite,ENEM,0
86.25667347765007,7.94334412808647,1,34,Feminino,Pedagogia,Parcial,Manhã,Vestibular,0
71.42842443583717,4.241896457565542,1,24,Masculino,Pedagogia,Nenhuma,Manhã,Vestibular,1
69.29107501938887,5.450959467440453,1,23,Masculino,Pedagogia,Integral,Noite,Outro,1
84.82472415243186,7.478749122455836,1,17,Feminino,Direito,Parcial,Manhã,Vestibular,0
77.7653721467415,4.055744382216109,0,37,Feminino,Direito,Nenhuma,Tarde,Vestibular,1
87.14000494092092,7.925996860344776,0,32,Feminino,Administração,Nenhuma,Noite,Vestibular,0
84.73237624573545,6.0193492036837295,0,28,Feminino,Engenharia,Parcial,Noite,Outro,0
79.27171087343127,5.750358384900805,0,22,Feminino,Pedagogia,Integral,Tarde,Transferência,0
71.53206281931595,7.921919936406983,0,36,Masculino,Pedagogia,Nenhuma,Manhã,Vestibular,1
64.85152775314135,7.38852662297208,1,18,Masculino,Engenharia,Integral,Noite,Vestibular,0
75.53485047932979,5.778067668361841,0,30,Feminino,Pedagogia,Integral,Noite,Outro,1
88.56398794323472,8.818659606728495,1,20,Masculino,Direito,Integral,Tarde,Transferência,0
82.14093744130204,4.337873344800205,1,17,Masculino,Direito,Nenhuma,Tarde,Vestibular,0
67.54261221288012,7.731871213888527,1,39,Masculino,Pedagogia,Integral,Manhã,ENEM,0
81.73180925851182,7.686202515936768,1,34,Feminino,Direito,Nenhuma,Noite,Outro,0
83.85317379728836,5.88090712137202,0,29,Masculino,Direito,Integral,Manhã,Vestibular,1
71.16142563798867,7.152266044484236,1,18,Feminino,Pedagogia,Nenhuma,Manhã,Vestibular,1
81.53725105945527,3.997772847229394,1,25,Masculino,Administração,Integral,Tarde,ENEM,1
80.58208718446,8.348054038413801,1,37,Feminino,Engenharia,Parcial,Noite,ENEM,0
68.57029702169376,6.130195727114022,0,18,Masculino,Direito,Integral,Noite,Outro,0
83.57787360348283,5.454553958961921,0,43,Feminino,Administração,Integral,Noite,Outro,0
85.60784526368235,8.598018451673779,0,41,Feminino,Direito,Nenhuma,Tarde,ENEM,0
90.83051243175277,5.091312618914482,1,25,Masculino,Direito,Nenhuma,Tarde,Outro,0
90.53802052034902,3.6830774072728807,1,17,Feminino,Engenharia,Integral,Tarde,ENEM,0
66.22330632042909,3.3867416529521925,0,27,Feminino,Direito,Parcial,Tarde,Vestibular,1
70.62174960084877,7.71201990269128,1,19,Feminino,Engenharia,Parcial,Tarde,ENEM,1
85.1503526720866,3.939141295007434,0,36,Feminino,Engenharia,Nenhuma,Noite,ENEM,1
85.1378595091221,10.0,0,39,Feminino,Engenharia,Parcial,Manhã,Transferência,0
85.15047686306048,2.336141184232556,1,42,Feminino,Administração,Integral,Noite,ENEM,1
100.0,9.892912736580076,1,20,Feminino,Pedagogia,Nenhuma,Manhã,ENEM,0
85.70890510693167,6.922034934405237,1,34,Feminino,Administração,Integral,Tarde,Transferência,1
91.35565640180599,6.306573776259215,1,39,Masculino,Pedagogia,Nenhuma,Manhã,Outro,0
89.54001763493203,5.410161826382101,0,22,Masculino,Pedagogia,Nenhuma,Noite,Transferência,0
86.51391251305797,7.298272228704142,0,19,Feminino,Engenharia,Nenhuma,Noite,Vestibular,0
76.84730755359655,6.4247305951503035,0,38,Feminino,Direito,Nenhuma,Manhã,Transferência,1
87.58969220493267,8.706603764033042,0,27,Masculino,Engenharia,Parcial,Tarde,Vestibular,1
72.27174785462428,6.728455297324079,0,31,Masculino,Direito,Integral,Tarde,Outro,1
77.63181393259991,6.800603522923756,1,38,Masculino,Pedagogia,Integral,Noite,Transferência,0
75.14636452170896,5.772775575572288,0,44,Feminino,Engenharia,Integral,Manhã,Transferência,1
80.81874139386322,6.386108752557865,0,21,Masculino,Direito,Nenhuma,Tarde,Outro,1
100.0,7.115603537784119,0,36,Feminino,Administração,Parcial,Tarde,Vestibular,0
61.32734807408252,3.079663214686749,1,26,Feminino,Direito,Integral,Noite,Transferência,1
86.86260190374513,3.803629155788574,1,28,Masculino,Engenharia,Parcial,Tarde,Vestibular,0
63.87284128810349,7.98652818804543,1,31,Feminino,Administração,Nenhuma,Manhã,Transferência,0
75.28068134210567,6.841730876255884,1,33,Feminino,Direito,Integral,Noite,ENEM,1
90.88950596967366,6.132033327294642,0,26,Feminino,Direito,Parcial,Noite,Transferência,1
80.64280019095463,6.536867866130787,0,22,Feminino,Direito,Nenhuma,Manhã,Outro,0
69.22255222070694,7.195163410723342,1,34,Masculino,Direito,Parcial,Noite,Outro,0
72.84696290740033,5.420480639381277,1,29,Masculino,Direito,Integral,Tarde,Vestibular,0
86.79597748934675,4.9433905491953745,0,19,Feminino,Administração,Integral,Tarde,Transferência,0
72.69633368282864,6.891690510195363,0,40,Feminino,Pedagogia,Nenhuma,Manhã,Vestibular,1
82.16458589581976,4.543254444769936,1,26,Masculino,Administração,Nenhuma,Tarde,Vestibular,0
80.45571839903813,7.316505511428944,1,30,Feminino,Administração,Nenhuma,Manhã,ENEM,0
73.48399652394183,3.0948327915243192,1,22,Masculino,Administração,Parcial,Manhã,ENEM,1
100.0,8.558311274651288,1,19,Feminino,Pedagogia,Parcial,Tarde,Outro,0
86.33919022318011,7.4451949648260864,0,32,Feminino,Engenharia,Parcial,Manhã,Vestibular,1
59.74857413342393,7.0120594686277515,0,23,Masculino,Pedagogia,Nenhuma,Tarde,Outro,1
81.86454314769428,8.465381967891028,0,36,Masculino,Administração,Integral,Noite,Transferência,1
73.38213535231613,9.830948888925153,1,30,Masculino,Direito,Integral,Noite,Vestibular,0
88.52433334796224,8.528740130036262,1,25,Masculino,Direito,Parcial,Manhã,Vestibular,0
72.07479261567299,2.8182515373367094,0,31,Feminino,Administração,Parcial,Tarde,Transferência,1
78.85263558533102,3.940846066528597,0,37,Masculino,Direito,Integral,Tarde,Transferência,1
85.04987278980457,5.2503628446086426,0,19,Feminino,Administração,Integral,Noite,Outro,1
88.65755194170121,6.552182100421668,0,18,Masculino,Direito,Parcial,Noite,Outro,1
67.99703592944223,7.535318040938246,1,43,Masculino,Pedagogia,Parcial,Tarde,Transferência,1
76.65498764159051,5.048512373693069,0,18,Feminino,Engenharia,Integral,Manhã,Outro,1
75.25054688839043,6.873533528954157,0,19,Masculino,Engenharia,Nenhuma,Noite,Transferência,1
73.46670767426288,4.989234135293355,0,34,Masculino,Pedagogia,Parcial,Manhã,Vestibular,0
97.65454240281096,5.276964394016104,0,30,Masculino,Pedagogia,Integral,Manhã,Vestibular,0
84.04981710960955,3.6866778063035555,0,36,Masculino,Administração,Integral,Noite,ENEM,1
67.39116045664954,4.653533507778191,0,34,Feminino,Administração,Integral,Manhã,Vestibular,1
89.17861947054776,3.7966307887673327,0,26,Feminino,Administração,Integral,Manhã,Transferência,0
100.0,4.548253494045334,1,41,Masculino,Direito,Nenhuma,Tarde,Outro,0
90.32465260551147,8.60728359321568,1,18,Masculino,Administração,Integral,Manhã,ENEM,0
64.80630034045987,4.601202222336114,1,41,Masculino,Pedagogia,Parcial,Tarde,Outro,1
75.15765927133748,10.0,1,38,Feminino,Engenharia,Nenhuma,Noite,Transferência,1
92.66911149186623,7.4866358017617785,0,17,Feminino,Direito,Integral,Noite,Vestibular,0
72.92330534381219,6.869672247389747,1,20,Feminino,Administração,Nenhuma,Tarde,ENEM,0
84.43819428146229,4.783284439637573,1,30,Feminino,Direito,Parcial,Noite,Transferência,1
87.74634053429337,7.9006197588179825,0,17,Masculino,Direito,Integral,Manhã,ENEM,0
70.73069528421917,5.348724347524453,0,30,Masculino,Administração,Parcial,Manhã,ENEM,1
79.404746439382,6.744019629290723,1,32,Masculino,Direito,Integral,Manhã,Vestibular,0
47.58732659930927,10.0,1,38,Feminino,Engenharia,Integral,Noite,Transferência,1
69.7561235866571,6.3078802005507,0,30,Masculino,Pedagogia,Integral,Manhã,Outro,0
77.4743184860684,8.798546652571352,1,36,Feminino,Pedagogia,Integral,Noite,ENEM,1
67.5221681803515,5.093647149748225,0,19,Feminino,Engenharia,Integral,Manhã,ENEM,1
96.32411303931636,6.430023019006077,0,19,Masculino,Direito,Nenhuma,Tarde,Outro,1
65.69858622039368,10.0,0,25,Masculino,Administração,Integral,Noite,Transferência,0
75.59955513303017,5.246065884424465,0,22,Masculino,Direito,Integral,Noite,ENEM,0
81.30740577286092,10.0,1,41,Feminino,Engenharia,Nenhuma,Manhã,ENEM,0
94.41273289066116,7.915503870910951,0,29,Feminino,Direito,Nenhuma,Noite,ENEM,0
65.6413784882056,5.375066448211465,0,37,Masculino,Pedagogia,Nenhuma,Noite,Transferência,1
91.63163752154959,7.764815478111042,1,18,Masculino,Direito,Nenhuma,Tarde,Transferência,0
80.10233061019586,8.44510889925346,0,24,Feminino,Engenharia,Nenhuma,Tarde,Outro,1
70.18491348952048,7.743619924434393,1,37,Masculino,Pedagogia,Nenhuma,Manhã,Transferência,1
84.6210347426327,3.359550560219087,1,18,Feminino,Direito,Integral,Tarde,Transferência,1
81.9905969557347,5.045725648350263,1,20,Feminino,Direito,Integral,Manhã,Vestibular,0
73.99783122841205,6.004962728896991,0,41,Masculino,Pedagogia,Parcial,Manhã,Outro,1
80.69802084990019,6.351133141799908,1,31,Masculino,Administração,Integral,Manhã,ENEM,1
76.14686403138239,7.741344195101356,1,20,Masculino,Pedagogia,Integral,Noite,Transferência,1
81.13517345251248,6.855402001866508,0,29,Masculino,Administração,Nenhuma,Tarde,ENEM,1
86.62130674521046,3.8293112825797975,1,44,Feminino,Engenharia,Nenhuma,Manhã,ENEM,0
95.86016816145352,7.260395702011927,1,28,Feminino,Engenharia,Integral,Tarde,Vestibular,0
67.62184501173151,7.721171490567646,1,44,Feminino,Pedagogia,Parcial,Manhã,Transferência,0
100.0,7.61958089586208,1,29,Masculino,Pedagogia,Nenhuma,Tarde,Outro,0
60.47912200477498,8.661561451109243,1,30,Feminino,Engenharia,Integral,Tarde,Transferência,1
78.48214904964416,8.167844309097807,0,36,Masculino,Administração,Integral,Manhã,ENEM,0
85.88317206484577,7.418360158456873,1,34,Masculino,Engenharia,Parcial,Noite,Outro,0
82.80991867735032,6.359668577082706,1,44,Masculino,Pedagogia,Parcial,Tarde,Transferência,1
73.77300480179406,3.178078132968017,0,22,Masculino,Engenharia,Nenhuma,Noite,ENEM,1
77.91877749642725,7.359236438265172,0,27,Masculino,Pedagogia,Parcial,Noite,ENEM,1
75.06999065341168,6.9153753743262225,0,18,Masculino,Pedagogia,Integral,Manhã,Vestibular,1
74.10635243055789,7.043157674390747,1,44,Feminino,Engenharia,Integral,Manhã,Vestibular,1
88.49602097021025,3.946502848359381,0,39,Masculino,Administração,Parcial,Manhã,Vestibular,0
83.57015485965047,4.337886919183475,1,35,Feminino,Direito,Parcial,Tarde,ENEM,1
73.07090404739346,8.606305706665808,1,35,Feminino,Engenharia,Parcial,Manhã,Transferência,1
88.9959987543325,6.42088969228669,0,21,Masculino,Direito,Parcial,Manhã,Vestibular,0
83.07299520876609,7.863001394745249,0,35,Masculino,Engenharia,Nenhuma,Tarde,Transferência,1
88.1286211883896,6.556636752260922,1,18,Masculino,Direito,Parcial,Tarde,Vestibular,0
86.29628841923612,6.55951227899149,0,26,Feminino,Administração,Nenhuma,Manhã,Outro,0
71.71004989077927,8.376567611951995,1,41,Masculino,Administração,Integral,Manhã,Outro,1
74.3981895980303,5.467910543565252,0,18,Feminino,Engenharia,Parcial,Manhã,Vestibular,1
87.47293605123262,6.692241553881967,0,27,Masculino,Pedagogia,Nenhuma,Manhã,ENEM,1
86.10370265433465,5.575449422589915,0,34,Masculino,Direito,Parcial,Noite,Vestibular,1
79.79098406035853,5.631007545135369,1,40,Feminino,Pedagogia,Integral,Noite,Vestibular,0
81.17327383308782,5.881655753062721,0,31,Feminino,Pedagogia,Integral,Manhã,ENEM,0
92.77664895788425,6.944267543267426,1,25,Masculino,Pedagogia,Integral,Noite,Outro,0
74.0842861116417,5.542502756673045,1,39,Feminino,Administração,Parcial,Tarde,Transferência,0
85.47097381170038,9.011512251147042,1,35,Feminino,Engenharia,Parcial,Noite,Vestibular,0
77.97807347566106,4.710785395560992,1,25,Feminino,Engenharia,Nenhuma,Noite,ENEM,1
77.82318796772779,6.126256711677282,0,19,Feminino,Administração,Integral,Manhã,Vestibular,1
90.9877685198719,5.62053788345165,1,37,Feminino,Administração,Parcial,Noite,ENEM,0
88.2541634898803,9.393955768707466,1,25,Masculino,Engenharia,Integral,Noite,Transferência,0
88.13509636000639,6.893109553023149,0,44,Masculino,Pedagogia,Integral,Noite,Transferência,1
93.05478807154329,8.56368907893727,1,30,Feminino,Direito,Nenhuma,Noite,Outro,0
80.21003841632759,3.528879253926056,0,35,Masculino,Direito,Nenhuma,Tarde,ENEM,1
86.81952971294965,7.034100531738518,1,23,Masculino,Direito,Nenhuma,Manhã,ENEM,0
76.89733243406543,8.279261591246874,0,32,Feminino,Pedagogia,Nenhuma,Manhã,Outro,1
83.24166352488442,6.664567978550848,1,32,Masculino,Engenharia,Integral,Tarde,Outro,0
78.69856945632316,8.630960750130702,0,44,Feminino,Administração,Nenhuma,Noite,ENEM,1
80.96995964992718,5.4654230997992554,1,17,Feminino,Engenharia,Nenhuma,Tarde,Outro,0
85.95157025436913,9.31869488037116,1,20,Masculino,Pedagogia,Nenhuma,Noite,Transferência,0
71.81779316766527,10.0,0,20,Feminino,Administração,Nenhuma,Tarde,Vestibular,1
100.0,5.774322879120682,0,23,Feminino,Pedagogia,Integral,Manhã,Transferência,0
69.93982618500299,5.6089949571984565,0,24,Feminino,Direito,Nenhuma,Manhã,Outro,1
67.85811387212269,9.406768954235401,0,33,Feminino,Direito,Integral,Manhã,ENEM,1
91.58110873500068,9.659144291461425,1,21,Feminino,Pedagogia,Parcial,Noite,ENEM,0
87.91662693962935,5.454279945693464,1,23,Masculino,Administração,Integral,Noite,Transferência,0
86.24119817052156,5.659626365808285,0,44,Masculino,Administração,Integral,Tarde,ENEM,0
86.2834550926428,5.936430782278985,1,36,Feminino,Engenharia,Nenhuma,Tarde,Outro,0
79.87753227153085,3.811098977931446,0,36,Feminino,Direito,Parcial,Manhã,Transferência,1
71.02745628514168,4.6626961070316035,0,20,Masculino,Engenharia,Parcial,Noite,ENEM,1
80.75804558193727,4.491718466495865,1,44,Feminino,Engenharia,Parcial,Tarde,Vestibular,0
73.22838288487888,4.964404869791743,1,22,Masculino,Pedagogia,Parcial,Noite,Vestibular,0
89.7511973341775,6.430630225226437,1,23,Feminino,Pedagogia,Integral,Noite,Outro,0
78.52942618497862,6.968429465073042,1,34,Feminino,Engenharia,Parcial,Manhã,ENEM,0
71.74502803207488,9.601000985628154,1,21,Feminino,Direito,Integral,Manhã,Outro,0
76.78614158347007,4.503291918522418,1,36,Feminino,Pedagogia,Integral,Noite,Transferência,1
84.12931454275625,8.468644796953168,1,19,Feminino,Engenharia,Integral,Noite,Vestibular,0
74.36275447196026,6.072022311548982,0,23,Feminino,Engenharia,Parcial,Noite,Transferência,1
71.77779604433569,6.401072580695134,0,43,Feminino,Engenharia,Nenhuma,Noite,ENEM,1
82.43687211491913,7.8496389843332075,0,44,Masculino,Engenharia,Nenhuma,Manhã,Outro,1
82.44966571108722,4.254555956875403,0,38,Masculino,Engenharia,Parcial,Tarde,Outro,0
74.9305682462887,7.264819492368101,0,30,Masculino,Engenharia,Nenhuma,Manhã,Outro,1
75.28961694381677,6.832904416426112,1,23,Feminino,Pedagogia,Nenhuma,Tarde,Transferência,1
82.32049937357637,7.484902528016298,0,21,Feminino,Direito,Integral,Noite,Vestibular,0
65.51915658502676,7.0783372878156365,0,38,Feminino,Engenharia,Integral,Tarde,Transferência,1
65.92536225623445,10.0,0,21,Feminino,Administração,Parcial,Manhã,Transferência,1
72.81555778747564,5.224520031497368,0,39,Feminino,Pedagogia,Parcial,Manhã,ENEM,1
77.86552848288153,5.438006089996365,0,18,Feminino,Pedagogia,Nenhuma,Noite,ENEM,1
83.10907565598005,5.253718947150471,0,43,Feminino,Engenharia,Integral,Manhã,ENEM,0
94.75356216949552,5.3890457616794905,0,37,Masculino,Pedagogia,Parcial,Noite,Vestibular,1
88.5765962320202,5.225225745386965,1,38,Feminino,Engenharia,Parcial,Manhã,Vestibular,0
78.40061470036574,8.878033062215103,1,22,Masculino,Direito,Parcial,Manhã,ENEM,0
79.80983792097311,9.34100849597971,0,31,Masculino,Direito,Parcial,Noite,ENEM,0
69.97470635362191,5.358507412501048,1,37,Feminino,Pedagogia,Parcial,Tarde,Vestibular,1
79.8148686400761,4.835288853791543,1,26,Feminino,Pedagogia,Parcial,Manhã,Outro,0
77.11341361079862,7.442831112772808,1,39,Masculino,Administração,Nenhuma,Tarde,Vestibular,1
83.22718560338089,5.395553911438057,1,42,Masculino,Pedagogia,Integral,Manhã,Vestibular,1
71.72769056447677,7.765863635511021,0,40,Feminino,Administração,Integral,Manhã,Vestibular,1
85.19346514241172,6.905846041702599,1,23,Feminino,Direito,Parcial,Manhã,ENEM,1
95.32738913002578,3.468511770005536,1,21,Masculino,Direito,Integral,Manhã,Outro,0
78.91239851543142,9.595010402660122,1,17,Feminino,Engenharia,Integral,Tarde,Vestibular,0
84.01711722098942,10.0,0,29,Feminino,Direito,Integral,Tarde,ENEM,0
86.90143991711112,5.2744226190312276,0,37,Feminino,Administração,Parcial,Manhã,Transferência,0
75.98779528114164,5.724596880128032,0,42,Masculino,Pedagogia,Parcial,Manhã,Transferência,1
82.24092481810416,7.07173078144981,0,34,Masculino,Engenharia,Integral,Tarde,Vestibular,1
80.12592400781794,7.16891357997405,0,29,Masculino,Administração,Integral,Noite,Transferência,1
80.97676098548831,7.817088545345661,0,37,Feminino,Pedagogia,Parcial,Noite,Outro,0
72.26990216144533,10.0,0,37,Feminino,Engenharia,Nenhuma,Tarde,Transferência,1
80.24510174258943,6.146105545011901,1,34,Masculino,Direito,Integral,Manhã,Transferência,1
84.9799829124545,4.9034055109230925,1,21,Masculino,Administração,Nenhuma,Manhã,Outro,0
94.51143607795042,3.7413615439709456,1,29,Masculino,Pedagogia,Integral,Noite,Vestibular,0
89.59270826085206,5.038139920116162,0,20,Feminino,Engenharia,Nenhuma,Noite,Vestibular,0
100.0,6.433746054252405,0,33,Masculino,Engenharia,Nenhuma,Tarde,Outro,1
72.3265243711195,10.0,0,19,Masculino,Direito,Nenhuma,Noite,Outro,1
88.72320636720679,5.464777401927657,0,33,Feminino,Pedagogia,Parcial,Tarde,Outro,1
81.83342005738352,6.947575903277797,0,44,Feminino,Direito,Nenhuma,Noite,Transferência,1
100.0,6.467154207854496,1,27,Feminino,Direito,Nenhuma,Noite,Outro,0
71.91701714644849,8.876786546896168,1,37,Masculino,Pedagogia,Nenhuma,Noite,ENEM,1
71.60278157819224,10.0,0,36,Feminino,Pedagogia,Integral,Manhã,Transferência,1
74.00607354555977,5.438262454159359,0,39,Feminino,Pedagogia,Nenhuma,Manhã,Vestibular,1
58.76104275690193,5.521121114963556,0,37,Masculino,Administração,Integral,Manhã,Vestibular,1
74.74244978319238,8.588321754138144,0,42,Feminino,Pedagogia,Nenhuma,Noite,Vestibular,0
72.40867338446301,7.863782979252623,1,20,Masculino,Engenharia,Nenhuma,Tarde,Transferência,0
81.50393786476208,10.0,0,18,Masculino,Direito,Parcial,Tarde,ENEM,0
83.4175597577716,7.667856370651927,0,36,Feminino,Administração,Integral,Tarde,Outro,1
98.76170839215887,5.781415818425881,0,32,Feminino,Pedagogia,Nenhuma,Tarde,Outro,0
89.5042383818605,7.681309661384619,0,44,Feminino,Administração,Integral,Manhã,Vestibular,0
74.23096344337597,8.717407161165816,1,34,Feminino,Pedagogia,Integral,Manhã,Vestibular,1
71.01585328651642,8.140964362394728,0,24,Feminino,Administração,Parcial,Noite,Transferência,1
84.91919171506505,7.514548062214596,0,19,Feminino,Direito,Parcial,Noite,ENEM,0
66.79766792979358,8.633349379178307,1,25,Masculino,Direito,Parcial,Tarde,Outro,1
98.31458765854353,8.838591180891346,1,36,Masculino,Engenharia,Parcial,Manhã,Transferência,0
91.79440120721287,9.264317982075054,1,22,Feminino,Engenharia,Parcial,Tarde,Outro,0
75.30824347895295,7.797419775179286,0,26,Masculino,Pedagogia,Parcial,Noite,Vestibular,1
62.868654709091224,6.165763839366291,0,37,Feminino,Direito,Parcial,Noite,Outro,1
93.53872374165412,6.793427372866645,1,26,Masculino,Administração,Parcial,Tarde,ENEM,0
78.85460154747382,8.913017933016715,1,29,Masculino,Administração,Nenhuma,Noite,ENEM,0
92.37816311973462,4.866128658025528,1,33,Masculino,Administração,Integral,Tarde,Vestibular,0
64.05572341205632,7.237346617745803,1,25,Feminino,Engenharia,Parcial,Manhã,ENEM,1
74.00624977046228,5.713322375345278,1,33,Masculino,Administração,Parcial,Tarde,ENEM,1
80.05243699718183,6.557489645869635,1,40,Feminino,Engenharia,Integral,Manhã,Transferência,0
80.46980593764742,9.056903725214598,0,25,Masculino,Engenharia,Nenhuma,Manhã,Outro,0
75.49934528520757,6.882198136039807,0,25,Masculino,Pedagogia,Integral,Noite,Vestibular,0
86.22849932347499,6.592873096312298,0,17,Masculino,Administração,Integral,Noite,Vestibular,0
69.32379570617405,3.7802877180401615,1,18,Masculino,Administração,Parcial,Noite,Vestibular,1
78.57620514978707,7.992507132054442,1,44,Masculino,Direito,Integral,Tarde,Vestibular,0
81.20295631711899,7.79096836228215,1,32,Feminino,Pedagogia,Integral,Tarde,Vestibular,1
85.14438834058748,10.0,1,17,Feminino,Direito,Parcial,Noite,ENEM,1
87.11614878088889,5.884443530093998,1,26,Masculino,Pedagogia,Parcial,Tarde,Transferência,1
68.75357908162131,6.938300655327878,1,34,Masculino,Administração,Parcial,Noite,Vestibular,1
64.65885829264377,6.998767367421511,0,42,Masculino,Engenharia,Parcial,Tarde,Transferência,1
92.7767682189851,9.65490655952695,0,44,Masculino,Engenharia,Integral,Manhã,Transferência,0
83.32314011979592,6.309408935226096,1,24,Feminino,Engenharia,Integral,Manhã,ENEM,0
72.51513463443446,7.058043051540679,0,37,Masculino,Engenharia,Nenhuma,Noite,Vestibular,1
95.51151975522524,7.715793019433079,1,44,Feminino,Engenharia,Nenhuma,Tarde,ENEM,0
81.15674634292859,6.8732182463127165,0,27,Masculino,Direito,Integral,Tarde,Vestibular,1
91.79297184063826,5.607132770898944,1,39,Feminino,Pedagogia,Nenhuma,Manhã,ENEM,1
80.67518481410109,6.888179985796615,1,18,Masculino,Administração,Integral,Manhã,Transferência,0
100.0,8.647263499719545,0,24,Masculino,Direito,Nenhuma,Noite,Vestibular,0
97.55340842443204,4.4469694011778795,0,43,Feminino,Pedagogia,Parcial,Manhã,Outro,0
77.51035851520926,6.765939348293752,1,38,Masculino,Engenharia,Nenhuma,Noite,Transferência,1
89.71570950954356,5.099758370121654,1,24,Masculino,Pedagogia,Parcial,Manhã,Outro,1
86.45375949585147,8.890093257849685,0,33,Masculino,Pedagogia,Parcial,Manhã,Transferência,0
93.68631557532349,3.4536261904324506,0,31,Feminino,Engenharia,Parcial,Tarde,ENEM,1
70.35076539419896,5.3821563054568236,1,33,Masculino,Engenharia,Parcial,Manhã,Vestibular,1
86.8605145999844,7.254423750129042,0,44,Masculino,Engenharia,Nenhuma,Manhã,Transferência,0
90.58424486849587,9.63104805846868,1,39,Feminino,Administração,Integral,Noite,ENEM,0
62.41260513576886,6.368499477854025,1,40,Feminino,Engenharia,Parcial,Manhã,Vestibular,1
68.16741487334225,5.389600946613603,1,29,Feminino,Administração,Nenhuma,Noite,Vestibular,1
59.607678222398995,10.0,1,35,Masculino,Engenharia,Parcial,Manhã,Transferência,1
77.30593165555442,3.603972199167512,0,21,Masculino,Administração,Nenhuma,Manhã,Vestibular,1
87.17542255795962,2.102388086759836,0,28,Masculino,Pedagogia,Nenhuma,Noite,Transferência,0
95.02357052096028,7.380028900106665,0,17,Feminino,Direito,Nenhuma,Tarde,Vestibular,0
80.74094780419775,5.495891551294777,0,39,Masculino,Pedagogia,Integral,Noite,Outro,0
96.28615545571292,4.4575343657385735,0,21,Masculino,Pedagogia,Nenhuma,Noite,ENEM,1
66.19898541785109,7.916712894598707,0,24,Feminino,Engenharia,Nenhuma,Noite,Outro,1
62.96617560644845,6.987601427542398,0,29,Feminino,Administração,Integral,Tarde,Transferência,1
79.44452301103381,5.371842738526543,1,24,Feminino,Direito,Integral,Manhã,Outro,0
83.84065448939307,3.939391202658211,0,41,Feminino,Engenharia,Nenhuma,Noite,Transferência,1
79.67305251905907,8.24491465656029,0,39,Feminino,Engenharia,Integral,Noite,Vestibular,0
59.325578999601234,7.800402355917322,1,27,Masculino,Engenharia,Parcial,Tarde,Vestibular,1
79.10879960487212,6.301648272441234,0,17,Feminino,Pedagogia,Parcial,Noite,Transferência,1
66.95530499495146,10.0,0,29,Masculino,Administração,Integral,Manhã,Outro,1
86.69672548830039,4.359830467347695,1,35,Masculino,Administração,Integral,Tarde,Vestibular,0
83.66598246096848,3.4489496581505223,0,40,Feminino,Direito,Nenhuma,Manhã,ENEM,1
70.60120213672644,5.116183860237511,0,19,Feminino,Administração,Integral,Manhã,Vestibular,1
74.86133082663306,6.408827967289004,0,40,Feminino,Administração,Nenhuma,Tarde,ENEM,1
69.40786478111049,6.986678898645383,1,33,Masculino,Engenharia,Parcial,Noite,Outro,1
79.37320902726829,6.0175278842873405,0,21,Feminino,Engenharia,Integral,Manhã,ENEM,1
89.55142320501238,7.204110793028594,0,36,Feminino,Pedagogia,Nenhuma,Manhã,ENEM,0
70.14273953664457,3.996921151619112,1,37,Feminino,Engenharia,Nenhuma,Manhã,ENEM,1
85.04046515517844,9.38752920814652,0,24,Feminino,Engenharia,Parcial,Manhã,ENEM,0
74.69742381627559,6.335697643214862,1,42,Feminino,Engenharia,Integral,Tarde,Vestibular,1
72.07127167737656,8.734591663176255,1,30,Masculino,Engenharia,Parcial,Tarde,ENEM,0
78.92969640045442,7.185450692755408,0,20,Masculino,Pedagogia,Nenhuma,Manhã,Vestibular,1
69.64757677580626,7.413506438307568,1,27,Masculino,Engenharia,Nenhuma,Noite,ENEM,1
74.46350694652818,7.639534560464408,1,36,Feminino,Direito,Integral,Manhã,Transferência,0
68.02122107411151,7.3954171200346295,0,31,Feminino,Direito,Nenhuma,Noite,Outro,0
99.6472513291639,7.785445519735088,1,35,Feminino,Direito,Integral,Manhã,ENEM,0
80.35263551971728,9.158305060264862,1,23,Masculino,Direito,Parcial,Noite,Transferência,0
73.00274492007415,6.89304233940294,0,35,Feminino,Engenharia,Integral,Manhã,ENEM,1
82.13979910734221,7.918007515177025,0,44,Feminino,Direito,Integral,Noite,ENEM,1
78.8767195030917,6.320528611425546,0,35,Feminino,Engenharia,Nenhuma,Manhã,ENEM,0
77.79030400466777,9.380234430898945,1,27,Masculino,Pedagogia,Nenhuma,Manhã,Transferência,1
86.14166700043425,5.14721539588146,0,42,Feminino,Direito,Integral,Noite,Outro,0
87.57507710047305,10.0,1,21,Masculino,Administração,Nenhuma,Tarde,Transferência,0
74.69498852389472,6.419684098711313,1,21,Feminino,Direito,Nenhuma,Noite,Outro,0
74.2418175935532,3.6384497957639037,1,38,Masculino,Direito,Nenhuma,Tarde,ENEM,0
77.24948302848355,6.7562088298215786,1,24,Masculino,Engenharia,Integral,Manhã,Vestibular,1
56.980788352644154,5.137896685050238,1,26,Masculino,Direito,Nenhuma,Noite,ENEM,1
64.84808937801448,8.181287097977448,1,22,Feminino,Administração,Integral,Noite,Outro,1
93.66874267444524,5.194752041395218,1,31,Feminino,Engenharia,Nenhuma,Noite,Transferência,0
96.44967713501283,5.607633133570441,0,32,Masculino,Engenharia,Parcial,Tarde,ENEM,1
77.50963960443622,2.720918538108938,0,44,Masculino,Pedagogia,Nenhuma,Tarde,Transferência,1
85.76556963055766,5.595387361501847,1,33,Feminino,Pedagogia,Nenhuma,Manhã,Transferência,0
83.11250154543536,1.6522413467420867,1,24,Feminino,Direito,Integral,Tarde,Transferência,0
100.0,3.3321943530285534,0,24,Masculino,Pedagogia,Integral,Tarde,ENEM,1
91.19574911434577,8.020829312288594,1,41,Feminino,Pedagogia,Nenhuma,Manhã,Transferência,0
78.72082408519233,8.071600317301664,0,25,Feminino,Pedagogia,Parcial,Noite,Transferência,0
70.44459559399574,7.35091512356993,0,18,Feminino,Engenharia,Nenhuma,Noite,ENEM,1
63.93553679742428,4.566047713741574,0,31,Feminino,Engenharia,Nenhuma,Manhã,Transferência,1
82.03463635867223,6.40457728771604,1,34,Masculino,Engenharia,Parcial,Noite,ENEM,1
72.43649254715697,6.492794921818863,1,19,Feminino,Pedagogia,Integral,Tarde,Outro,0
65.77746290402325,4.1832706216149145,0,33,Feminino,Engenharia,Nenhuma,Manhã,Outro,1
73.53427115757474,9.506796603534301,0,20,Masculino,Pedagogia,Integral,Manhã,Outro,0
69.18451996385605,8.254724581151343,0,20,Masculino,Engenharia,Integral,Manhã,Transferência,1
96.87141635072564,6.058071652340672,0,30,Feminino,Engenharia,Parcial,Noite,Vestibular,0
88.81639756949451,6.553771677989062,0,25,Feminino,Administração,Parcial,Manhã,Vestibular,1
79.92027358683383,6.916765615895105,1,25,Feminino,Direito,Integral,Manhã,Transferência,0
94.79944138890026,2.4165302631514187,0,41,Feminino,Pedagogia,Nenhuma,Manhã,Vestibular,0
80.77368307647619,6.0056452349588065,1,42,Masculino,Administração,Integral,Noite,ENEM,0
71.38715798671737,5.136031504004403,0,39,Masculino,Engenharia,Nenhuma,Tarde,Vestibular,1
95.23124077269657,4.496759980210169,1,34,Masculino,Pedagogia,Nenhuma,Manhã,Transferência,0
85.38910043684659,5.93779941422809,1,26,Feminino,Engenharia,Parcial,Tarde,Transferência,0
69.62753845673544,10.0,1,37,Feminino,Direito,Nenhuma,Noite,ENEM,0
78.09661321916391,7.78168572253402,1,20,Feminino,Administração,Nenhuma,Noite,Outro,0
71.24381746615242,5.357642020434406,1,28,Feminino,Direito,Integral,Noite,Transferência,1
66.17200269035663,7.645165562712317,1,43,Masculino,Administração,Parcial,Noite,ENEM,1
